pad;F.Cu;In1.Cu;In2.Cu;In3.Cu;In4.Cu;B.Cu;;Layer Name;velocity (m/s);min flight T (ps);max flight T (ps);mean flight t (s)
F15;5.416617;4.351053;4.351053;4.351053029599;4.351053059198;4.351053088797;;F.Cu;1.83E+08;29.451;29.747;2.9599E-11
T13;6.582327;5.287443;5.287443;5.287443035969;5.287443071938;5.287443107907;;In1.Cu;1.47E+08;35.789;36.149;3.5969E-11
J16;6.668886;5.356974;5.356974;5.356974036442;5.356974072884;5.356974109326;;In2.Cu;1.47E+08;36.26;36.624;3.6442E-11
E10;7.2972165;5.8616985;5.8616985;5.8616985398755;5.861698579751;5.8616986196265;;In3.Cu;1.47E+08;39.676;40.075;3.98755E-11
L6;7.3087455;5.8709595;5.8709595;5.8709595399385;5.870959579877;5.8709596198155;;In4.Cu;1.47E+08;39.739;40.138;3.99385E-11
F10;7.3667565;5.9175585;5.9175585;5.9175585402555;5.917558580511;5.9175586207665;;B.Cu;1.83E+08;40.054;40.457;4.02555E-11
M17;7.5934935;6.0996915;6.0996915;6.0996915414945;6.099691582989;6.0996916244835;;;;41.287;41.702;4.14945E-11
U13;8.3262255;6.6882795;6.6882795;6.6882795454985;6.688279590997;6.6882796364955;;;;45.271;45.726;4.54985E-11
D9;8.994084;7.224756;7.224756;7.224756049148;7.224756098296;7.224756147444;;Thickness;0.0012;48.902;49.394;4.9148E-11
C9;9.150183;7.350147;7.350147;7.350147050001;7.350147100002;7.350147150003;;;;49.751;50.251;5.0001E-11
D7;9.2752635;7.4506215;7.4506215;7.4506215506845;7.450621601369;7.4506216520535;;viaflight;6.55737704918033E-12;50.431;50.938;5.06845E-11
C7;9.5695275;7.6869975;7.6869975;7.6869975522925;7.686997604585;7.6869976568775;;;;52.031;52.554;5.22925E-11
F6;10.2246675;8.2132575;8.2132575;8.2132575558725;8.213257611745;8.2132576676175;;;;55.593;56.152;5.58725E-11
D11;10.2777375;8.2558875;8.2558875;8.2558875561625;8.255887612325;8.2558876684875;;;;55.882;56.443;5.61625E-11
N15;10.315344;8.286096;8.286096;8.286096056368;8.286096112736;8.286096169104;;;;56.086;56.65;5.6368E-11
U12;10.348284;8.312556;8.312556;8.312556056548;8.312556113096;8.312556169644;;;;56.265;56.831;5.6548E-11
C11;10.4175495;8.3681955;8.3681955;8.3681955569265;8.368195613853;8.3681956707795;;;;56.642;57.211;5.69265E-11
U7;10.573191;8.493219;8.493219;8.493219057777;8.493219115554;8.493219173331;;;;57.488;58.066;5.7777E-11
E6;10.840554;8.707986;8.707986;8.707986059238;8.707986118476;8.707986177714;;;;58.942;59.534;5.9238E-11
R13;11.170869;8.973321;8.973321;8.973321061043;8.973321122086;8.973321183129;;;;60.738;61.348;6.1043E-11
F4;11.709255;9.405795;9.405795;9.405795063985;9.40579512797;9.405795191955;;;;63.665;64.305;6.3985E-11
D16;11.7402735;9.4307115;9.4307115;9.4307115641545;9.430711628309;9.4307116924635;;;;63.834;64.475;6.41545E-11
C14;11.9646315;9.6109335;9.6109335;9.6109335653805;9.610933630761;9.6109336961415;;;;65.054;65.707;6.53805E-11
C15;12.1070055;9.7252995;9.7252995;9.7252995661585;9.725299632317;9.7252996984755;;;;65.828;66.489;6.61585E-11
B8;12.1736175;9.7788075;9.7788075;9.7788075665225;9.778807633045;9.7788076995675;;;;66.19;66.855;6.65225E-11
B10;12.178101;9.782409;9.782409;9.782409066547;9.782409133094;9.782409199641;;;;66.214;66.88;6.6547E-11
H17;12.4129815;9.9710835;9.9710835;9.9710835678305;9.971083635661;9.9710837034915;;;;67.491;68.17;6.78305E-11
A8;12.4142625;9.9721125;9.9721125;9.9721125678375;9.972112635675;9.9721127035125;;;;67.498;68.177;6.78375E-11
E16;12.4281705;9.9832845;9.9832845;9.9832845679135;9.983284635827;9.9832847037405;;;;67.574;68.253;6.79135E-11
D5;12.4367715;9.9901935;9.9901935;9.9901935679605;9.990193635921;9.9901937038815;;;;67.621;68.3;6.79605E-11
A10;12.453882;10.003938;10.003938;10.003938068054;10.003938136108;10.003938204162;;;;67.714;68.394;6.8054E-11
C5;12.510978;10.049802;10.049802;10.049802068366;10.049802136732;10.049802205098;;;;68.024;68.708;6.8366E-11
F13;12.6040335;10.1245515;10.1245515;10.1245515688745;10.124551637749;10.1245517066235;;;;68.53;69.219;6.88745E-11
F14;12.6781485;10.1840865;10.1840865;10.1840865692795;10.184086638559;10.1840867078385;;;;68.933;69.626;6.92795E-11
F16;12.880821;10.346889;10.346889;10.346889070387;10.346889140774;10.346889211161;;;;70.035;70.739;7.0387E-11
E17;13.443363;10.798767;10.798767;10.798767073461;10.798767146922;10.798767220383;;;;73.094;73.828;7.3461E-11
U9;13.530105;10.868445;10.868445;10.868445073935;10.86844514787;10.868445221805;;;;73.565;74.305;7.3935E-11
B6;13.5653325;10.8967425;10.8967425;10.8967425741275;10.896742648255;10.8967427223825;;;;73.757;74.498;7.41275E-11
P20;13.623252;10.943268;10.943268;10.943268074444;10.943268148888;10.943268223332;;;;74.072;74.816;7.4444E-11
J15;13.730673;11.029557;11.029557;11.029557075031;11.029557150062;11.029557225093;;;;74.656;75.406;7.5031E-11
H18;13.845597;11.121873;11.121873;11.121873075659;11.121873151318;11.121873226977;;;;75.281;76.037;7.5659E-11
A6;13.859322;11.132898;11.132898;11.132898075734;11.132898151468;11.132898227202;;;;75.355;76.113;7.5734E-11
G16;14.099052;11.325468;11.325468;11.325468077044;11.325468154088;11.325468231132;;;;76.659;77.429;7.7044E-11
G18;14.1203715;11.3425935;11.3425935;11.3425935771605;11.342593654321;11.3425937314815;;;;76.775;77.546;7.71605E-11
M15;14.1478215;11.3646435;11.3646435;11.3646435773105;11.364643654621;11.3646437319315;;;;76.924;77.697;7.73105E-11
G15;14.205741;11.411169;11.411169;11.411169077627;11.411169155254;11.411169232881;;;;77.239;78.015;7.7627E-11
H15;14.31243;11.49687;11.49687;11.49687007821;11.49687015642;11.49687023463;;;;77.819;78.601;7.821E-11
J20;14.3364945;11.5162005;11.5162005;11.5162005783415;11.516200656683;11.5162007350245;;;;77.95;78.733;7.83415E-11
J4;14.4303735;11.5916115;11.5916115;11.5916115788545;11.591611657709;11.5916117365635;;;;78.46;79.249;7.88545E-11
K4;14.500737;11.648133;11.648133;11.648133079239;11.648133158478;11.648133237717;;;;78.843;79.635;7.9239E-11
D15;14.639085;11.759265;11.759265;11.759265079995;11.75926515999;11.759265239985;;;;79.595;80.395;7.9995E-11
R18;14.644392;11.763528;11.763528;11.763528080024;11.763528160048;11.763528240072;;;;79.624;80.424;8.0024E-11
L4;14.681724;11.793516;11.793516;11.793516080228;11.793516160456;11.793516240684;;;;79.827;80.629;8.0228E-11
J19;14.6968215;11.8056435;11.8056435;11.8056435803105;11.805643660621;11.8056437409315;;;;79.909;80.712;8.03105E-11
L13;14.722716;11.826444;11.826444;11.826444080452;11.826444160904;11.826444241356;;;;80.05;80.854;8.0452E-11
T18;14.755107;11.852463;11.852463;11.852463080629;11.852463161258;11.852463241887;;;;80.226;81.032;8.0629E-11
J21;14.8344375;11.9161875;11.9161875;11.9161875810625;11.916187662125;11.9161877431875;;;;80.657;81.468;8.10625E-11
H4;14.8962;11.9658;11.9658;11.9658000814;11.9658001628;11.9658002442;;;;80.993;81.807;8.14E-11
G17;14.9058075;11.9735175;11.9735175;11.9735175814525;11.973517662905;11.9735177443575;;;;81.045;81.86;8.14525E-11
N17;14.9098335;11.9767515;11.9767515;11.9767515814745;11.976751662949;11.9767517444235;;;;81.067;81.882;8.14745E-11
J6;14.9158725;11.9816025;11.9816025;11.9816025815075;11.981602663015;11.9816027445225;;;;81.1;81.915;8.15075E-11
H19;14.9436885;12.0039465;12.0039465;12.0039465816595;12.003946663319;12.0039467449785;;;;81.251;82.068;8.16595E-11
F21;15.0117645;12.0586305;12.0586305;12.0586305820315;12.058630664063;12.0586307460945;;;;81.621;82.442;8.20315E-11
G4;15.0247575;12.0690675;12.0690675;12.0690675821025;12.069067664205;12.0690677463075;;;;81.692;82.513;8.21025E-11
P16;15.043332;12.083988;12.083988;12.083988082204;12.083988164408;12.083988246612;;;;81.793;82.615;8.2204E-11
M16;15.0580635;12.0958215;12.0958215;12.0958215822845;12.095821664569;12.0958217468535;;;;81.873;82.696;8.22845E-11
J17;15.147825;12.167925;12.167925;12.167925082775;12.16792516555;12.167925248325;;;;82.361;83.189;8.2775E-11
J5;15.2450895;12.2460555;12.2460555;12.2460555833065;12.246055666613;12.2460557499195;;;;82.89;83.723;8.33065E-11
K6;15.266409;12.263181;12.263181;12.263181083423;12.263181166846;12.263181250269;;;;83.006;83.84;8.3423E-11
L5;15.3107865;12.2988285;12.2988285;12.2988285836655;12.298828667331;12.2988287509965;;;;83.247;84.084;8.36655E-11
R14;15.3761175;12.3513075;12.3513075;12.3513075840225;12.351307668045;12.3513077520675;;;;83.602;84.443;8.40225E-11
K18;15.3887445;12.3614505;12.3614505;12.3614505840915;12.361450668183;12.3614507522745;;;;83.671;84.512;8.40915E-11
H5;15.548229;12.489561;12.489561;12.489561084963;12.489561169926;12.489561254889;;;;84.538;85.388;8.4963E-11
K17;15.578058;12.513522;12.513522;12.513522085126;12.513522170252;12.513522255378;;;;84.7;85.552;8.5126E-11
R17;15.604959;12.535131;12.535131;12.535131085273;12.535131170546;12.535131255819;;;;84.847;85.699;8.5273E-11
K14;15.8702175;12.7482075;12.7482075;12.7482075867225;12.748207673445;12.7482077601675;;;;86.289;87.156;8.67225E-11
U10;15.9395745;12.8039205;12.8039205;12.8039205871015;12.803920674203;12.8039207613045;;;;86.666;87.537;8.71015E-11
U11;15.989991;12.844419;12.844419;12.844419087377;12.844419174754;12.844419262131;;;;86.94;87.814;8.7377E-11
H20;16.0563285;12.8977065;12.8977065;12.8977065877395;12.897706675479;12.8977067632185;;;;87.301;88.178;8.77395E-11
K19;16.06191;12.90219;12.90219;12.90219008777;12.90219017554;12.90219026331;;;;87.331;88.209;8.777E-11
D14;16.103634;12.935706;12.935706;12.935706087998;12.935706175996;12.935706263994;;;;87.558;88.438;8.7998E-11
T6;16.1181825;12.9473925;12.9473925;12.9473925880775;12.947392676155;12.9473927642325;;;;87.637;88.518;8.80775E-11
L18;16.1187315;12.9478335;12.9478335;12.9478335880805;12.947833676161;12.9478337642415;;;;87.64;88.521;8.80805E-11
L20;16.1492925;12.9723825;12.9723825;12.9723825882475;12.972382676495;12.9723827647425;;;;87.806;88.689;8.82475E-11
D19;16.218192;13.027728;13.027728;13.027728088624;13.027728177248;13.027728265872;;;;88.181;89.067;8.8624E-11
H2;16.2665955;13.0666095;13.0666095;13.0666095888885;13.066609677777;13.0666097666655;;;;88.444;89.333;8.88885E-11
P6;16.284072;13.080648;13.080648;13.080648088984;13.080648177968;13.080648266952;;;;88.539;89.429;8.8984E-11
P17;16.3072215;13.0992435;13.0992435;13.0992435891105;13.099243678221;13.0992437673315;;;;88.665;89.556;8.91105E-11
P14;16.308594;13.100346;13.100346;13.100346089118;13.100346178236;13.100346267354;;;;88.672;89.564;8.9118E-11
L16;16.3443705;13.1290845;13.1290845;13.1290845893135;13.129084678627;13.1290847679405;;;;88.867;89.76;8.93135E-11
G2;16.3771275;13.1553975;13.1553975;13.1553975894925;13.155397678985;13.1553977684775;;;;89.045;89.94;8.94925E-11
H3;16.424616;13.193544;13.193544;13.193544089752;13.193544179504;13.193544269256;;;;89.303;90.201;8.9752E-11
M6;16.4585625;13.2208125;13.2208125;13.2208125899375;13.220812679875;13.2208127698125;;;;89.488;90.387;8.99375E-11
L19;16.474026;13.233234;13.233234;13.233234090022;13.233234180044;13.233234270066;;;;89.572;90.472;9.0022E-11
R6;16.4772285;13.2358065;13.2358065;13.2358065900395;13.235806680079;13.2358067701185;;;;89.589;90.49;9.00395E-11
N12;16.4946135;13.2497715;13.2497715;13.2497715901345;13.249771680269;13.2497717704035;;;;89.684;90.585;9.01345E-11
M5;16.555827;13.298943;13.298943;13.298943090469;13.298943180938;13.298943271407;;;;90.017;90.921;9.0469E-11
Y17;16.586754;13.323786;13.323786;13.323786090638;13.323786181276;13.323786271914;;;;90.185;91.091;9.0638E-11
M18;16.5958125;13.3310625;13.3310625;13.3310625906875;13.331062681375;13.3310627720625;;;;90.234;91.141;9.06875E-11
K21;16.6020345;13.3360605;13.3360605;13.3360605907215;13.336060681443;13.3360607721645;;;;90.268;91.175;9.07215E-11
U16;16.6380855;13.3650195;13.3650195;13.3650195909185;13.365019681837;13.3650197727555;;;;90.464;91.373;9.09185E-11
E18;16.698933;13.413897;13.413897;13.413897091251;13.413897182502;13.413897273753;;;;90.795;91.707;9.1251E-11
W16;16.7025015;13.4167635;13.4167635;13.4167635912705;13.416763682541;13.4167637738115;;;;90.814;91.727;9.12705E-11
K3;16.8214515;13.5123135;13.5123135;13.5123135919205;13.512313683841;13.5123137757615;;;;91.461;92.38;9.19205E-11
F20;16.839294;13.526646;13.526646;13.526646092018;13.526646184036;13.526646276054;;;;91.558;92.478;9.2018E-11
N5;16.877541;13.557369;13.557369;13.557369092227;13.557369184454;13.557369276681;;;;91.766;92.688;9.2227E-11
R4;16.939578;13.607202;13.607202;13.607202092566;13.607202185132;13.607202277698;;;;92.103;93.029;9.2566E-11
T16;16.982034;13.641306;13.641306;13.641306092798;13.641306185596;13.641306278394;;;;92.334;93.262;9.2798E-11
W15;16.98606;13.64454;13.64454;13.64454009282;13.64454018564;13.64454027846;;;;92.356;93.284;9.282E-11
P4;17.0051835;13.6599015;13.6599015;13.6599015929245;13.659901685849;13.6599017787735;;;;92.46;93.389;9.29245E-11
H22;17.0117715;13.6651935;13.6651935;13.6651935929605;13.665193685921;13.6651937788815;;;;92.496;93.425;9.29605E-11
F19;17.0137845;13.6668105;13.6668105;13.6668105929715;13.666810685943;13.6668107789145;;;;92.507;93.436;9.29715E-11
F18;17.029797;13.679673;13.679673;13.679673093059;13.679673186118;13.679673279177;;;;92.594;93.524;9.3059E-11
G21;17.0370255;13.6854795;13.6854795;13.6854795930985;13.685479686197;13.6854797792955;;;;92.633;93.564;9.30985E-11
G3;17.0445285;13.6915065;13.6915065;13.6915065931395;13.691506686279;13.6915067794185;;;;92.674;93.605;9.31395E-11
M13;17.0476395;13.6940055;13.6940055;13.6940055931565;13.694005686313;13.6940057794695;;;;92.691;93.622;9.31565E-11
E14;17.127519;13.758171;13.758171;13.758171093593;13.758171187186;13.758171280779;;;;93.125;94.061;9.3593E-11
L3;17.129166;13.759494;13.759494;13.759494093602;13.759494187204;13.759494280806;;;;93.134;94.07;9.3602E-11
U5;17.1332835;13.7628015;13.7628015;13.7628015936245;13.762801687249;13.7628017808735;;;;93.156;94.093;9.36245E-11
E19;17.1384075;13.7669175;13.7669175;13.7669175936525;13.766917687305;13.7669177809575;;;;93.184;94.121;9.36525E-11
T4;17.1446295;13.7719155;13.7719155;13.7719155936865;13.771915687373;13.7719157810595;;;;93.218;94.155;9.36865E-11
T15;17.1462765;13.7732385;13.7732385;13.7732385936955;13.773238687391;13.7732387810865;;;;93.227;94.164;9.36955E-11
C18;17.2159995;13.8292455;13.8292455;13.8292455940765;13.829245688153;13.8292457822295;;;;93.606;94.547;9.40765E-11
J2;17.266965;13.870185;13.870185;13.870185094355;13.87018518871;13.870185283065;;;;93.883;94.827;9.4355E-11
B4;17.2941405;13.8920145;13.8920145;13.8920145945035;13.892014689007;13.8920147835105;;;;94.031;94.976;9.45035E-11
T5;17.3161005;13.9096545;13.9096545;13.9096545946235;13.909654689247;13.9096547838705;;;;94.15;95.097;9.46235E-11
K22;17.3581905;13.9434645;13.9434645;13.9434645948535;13.943464689707;13.9434647845605;;;;94.379;95.328;9.48535E-11
M2;17.3651445;13.9490505;13.9490505;13.9490505948915;13.949050689783;13.9490507846745;;;;94.417;95.366;9.48915E-11
A4;17.3768565;13.9584585;13.9584585;13.9584585949555;13.958458689911;13.9584587848665;;;;94.481;95.43;9.49555E-11
W9;17.389575;13.968675;13.968675;13.968675095025;13.96867519005;13.968675285075;;;;94.55;95.5;9.5025E-11
J22;17.417757;13.991313;13.991313;13.991313095179;13.991313190358;13.991313285537;;;;94.703;95.655;9.5179E-11
K16;17.534694;14.085246;14.085246;14.085246095818;14.085246191636;14.085246287454;;;;95.339;96.297;9.5818E-11
M3;17.5494255;14.0970795;14.0970795;14.0970795958985;14.097079691797;14.0970797876955;;;;95.419;96.378;9.58985E-11
G22;17.569098;14.112882;14.112882;14.112882096006;14.112882192012;14.112882288018;;;;95.526;96.486;9.6006E-11
P5;17.6495265;14.1774885;14.1774885;14.1774885964455;14.177488692891;14.1774887893365;;;;95.963;96.928;9.64455E-11
K2;17.6711205;14.1948345;14.1948345;14.1948345965635;14.194834693127;14.1948347896905;;;;96.081;97.046;9.65635E-11
M9;17.683656;14.204904;14.204904;14.204904096632;14.204904193264;14.204904289896;;;;96.149;97.115;9.6632E-11
T14;17.718975;14.233275;14.233275;14.233275096825;14.23327519365;14.233275290475;;;;96.341;97.309;9.6825E-11
K13;17.747157;14.255913;14.255913;14.255913096979;14.255913193958;14.255913290937;;;;96.494;97.464;9.6979E-11
L21;17.8026975;14.3005275;14.3005275;14.3005275972825;14.300527694565;14.3005277918475;;;;96.796;97.769;9.72825E-11
W7;17.802972;14.300748;14.300748;14.300748097284;14.300748194568;14.300748291852;;;;96.798;97.77;9.7284E-11
E13;17.8442385;14.3338965;14.3338965;14.3338965975095;14.333896695019;14.3338967925285;;;;97.022;97.997;9.75095E-11
Y8;17.870316;14.354844;14.354844;14.354844097652;14.354844195304;14.354844292956;;;;97.164;98.14;9.7652E-11
G20;17.9573325;14.4247425;14.4247425;14.4247425981275;14.424742696255;14.4247427943825;;;;97.637;98.618;9.81275E-11
Y9;17.969319;14.434371;14.434371;14.434371098193;14.434371196386;14.434371294579;;;;97.702;98.684;9.8193E-11
C19;18.0490155;14.4983895;14.4983895;14.4983895986285;14.498389697257;14.4983897958855;;;;98.135;99.122;9.86285E-11
M21;18.089184;14.530656;14.530656;14.530656098848;14.530656197696;14.530656296544;;;;98.354;99.342;9.8848E-11
G1;18.1031835;14.5419015;14.5419015;14.5419015989245;14.541901697849;14.5419017967735;;;;98.43;99.419;9.89245E-11
T3;18.132006;14.565054;14.565054;14.565054099082;14.565054198164;14.565054297246;;;;98.587;99.577;9.9082E-11
Y7;18.197886;14.617974;14.617974;14.617974099442;14.617974198884;14.617974298326;;;;98.945;99.939;9.9442E-11
V7;18.2307345;14.6443605;14.6443605;14.6443605996215;14.644360699243;14.6443607988645;;;;99.123;100.12;9.96215E-11
E21;18.263949;14.671041;14.671041;14.671041099803;14.671041199606;14.671041299409;;;;99.304;100.302;9.9803E-11
N13;18.2781315;14.6824335;14.6824335;14.6824335998805;14.682433699761;14.6824337996415;;;;99.381;100.38;9.98805E-11
H14;18.3103395;14.7083055;14.7083055;14.7083056000565;14.708305700113;14.7083058001695;;;;99.556;100.557;1.000565E-10
E3;18.3277245;14.7222705;14.7222705;14.7222706001515;14.722270700303;14.7222708004545;;;;99.651;100.652;1.001515E-10
J14;18.4038525;14.7834225;14.7834225;14.7834226005675;14.783422701135;14.7834228017025;;;;100.065;101.07;1.005675E-10
P19;18.411264;14.789376;14.789376;14.789376100608;14.789376201216;14.789376301824;;;;100.105;101.111;1.00608E-10
V8;18.4208715;14.7970935;14.7970935;14.7970936006605;14.797093701321;14.7970938019815;;;;100.157;101.164;1.006605E-10
L1;18.4272765;14.8022385;14.8022385;14.8022386006955;14.802238701391;14.8022388020865;;;;100.192;101.199;1.006955E-10
G13;18.4541775;14.8238475;14.8238475;14.8238476008425;14.823847701685;14.8238478025275;;;;100.338;101.347;1.008425E-10
V9;18.5416515;14.8941135;14.8941135;14.8941136013205;14.894113702641;14.8941138039615;;;;100.814;101.827;1.013205E-10
D21;18.5511675;14.9017575;14.9017575;14.9017576013725;14.901757702745;14.9017578041175;;;;100.866;101.879;1.013725E-10
F1;18.5788005;14.9239545;14.9239545;14.9239546015235;14.923954703047;14.9239548045705;;;;101.016;102.031;1.015235E-10
H13;18.633975;14.968275;14.968275;14.968275101825;14.96827520365;14.968275305475;;;;101.316;102.334;1.01825E-10
L15;18.6867705;15.0106845;15.0106845;15.0106846021135;15.010684704227;15.0106848063405;;;;101.603;102.624;1.021135E-10
U8;18.743043;15.055887;15.055887;15.055887102421;15.055887204842;15.055887307263;;;;101.909;102.933;1.02421E-10
N2;18.7929105;15.0959445;15.0959445;15.0959446026935;15.095944705387;15.0959448080805;;;;102.18;103.207;1.026935E-10
L10;18.8324385;15.1276965;15.1276965;15.1276966029095;15.127696705819;15.1276968087285;;;;102.395;103.424;1.029095E-10
M1;18.923298;15.200682;15.200682;15.200682103406;15.200682206812;15.200682310218;;;;102.889;103.923;1.03406E-10
F3;19.025961;15.283149;15.283149;15.283149103967;15.283149207934;15.283149311901;;;;103.447;104.487;1.03967E-10
V5;19.0815015;15.3277635;15.3277635;15.3277636042705;15.327763708541;15.3277638128115;;;;103.749;104.792;1.042705E-10
N4;19.1226765;15.3608385;15.3608385;15.3608386044955;15.360838708991;15.3608388134865;;;;103.973;105.018;1.044955E-10
R19;19.247208;15.460872;15.460872;15.460872105176;15.460872210352;15.460872315528;;;;104.65;105.702;1.05176E-10
P2;19.2974415;15.5012235;15.5012235;15.5012236054505;15.501223710901;15.5012238163515;;;;104.923;105.978;1.054505E-10
L14;19.3217805;15.5207745;15.5207745;15.5207746055835;15.520774711167;15.5207748167505;;;;105.056;106.111;1.055835E-10
M10;19.325715;15.523935;15.523935;15.523935105605;15.52393521121;15.523935316815;;;;105.077;106.133;1.05605E-10
D1;19.357374;15.549366;15.549366;15.549366105778;15.549366211556;15.549366317334;;;;105.249;106.307;1.05778E-10
U6;19.3684455;15.5582595;15.5582595;15.5582596058385;15.558259711677;15.5582598175155;;;;105.309;106.368;1.058385E-10
R16;19.412091;15.593319;15.593319;15.593319106077;15.593319212154;15.593319318231;;;;105.547;106.607;1.06077E-10
B18;19.475043;15.643887;15.643887;15.643887106421;15.643887212842;15.643887319263;;;;105.889;106.953;1.06421E-10
C13;19.4833695;15.6505755;15.6505755;15.6505756064665;15.650575712933;15.6505758193995;;;;105.934;106.999;1.064665E-10
B17;19.4851995;15.6520455;15.6520455;15.6520456064765;15.652045712953;15.6520458194295;;;;105.944;107.009;1.064765E-10
E1;19.5243615;15.6835035;15.6835035;15.6835036066905;15.683503713381;15.6835038200715;;;;106.157;107.224;1.066905E-10
N3;19.54623;15.70107;15.70107;15.70107010681;15.70107021362;15.70107032043;;;;106.276;107.344;1.0681E-10
M20;19.5602295;15.7123155;15.7123155;15.7123156068865;15.712315713773;15.7123158206595;;;;106.352;107.421;1.068865E-10
P1;19.686591;15.813819;15.813819;15.813819107577;15.813819215154;15.813819322731;;;;107.039;108.115;1.07577E-10
D20;19.762719;15.874971;15.874971;15.874971107993;15.874971215986;15.874971323979;;;;107.453;108.533;1.07993E-10
M22;19.7886135;15.8957715;15.8957715;15.8957716081345;15.895771716269;15.8957718244035;;;;107.594;108.675;1.081345E-10
J1;19.830063;15.929067;15.929067;15.929067108361;15.929067216722;15.929067325083;;;;107.819;108.903;1.08361E-10
D22;19.8616305;15.9544245;15.9544245;15.9544246085335;15.954424717067;15.9544248256005;;;;107.991;109.076;1.085335E-10
N14;19.871238;15.962142;15.962142;15.962142108586;15.962142217172;15.962142325758;;;;108.043;109.129;1.08586E-10
B16;19.9031715;15.9877935;15.9877935;15.9877936087605;15.987793717521;15.9877938262815;;;;108.217;109.304;1.087605E-10
B15;19.9269615;16.0069035;16.0069035;16.0069036088905;16.006903717781;16.0069038266715;;;;108.346;109.435;1.088905E-10
C20;19.9494705;16.0249845;16.0249845;16.0249846090135;16.024984718027;16.0249848270405;;;;108.468;109.559;1.090135E-10
P15;19.989639;16.057251;16.057251;16.057251109233;16.057251218466;16.057251327699;;;;108.687;109.779;1.09233E-10
K1;19.9908285;16.0582065;16.0582065;16.0582066092395;16.058206718479;16.0582068277185;;;;108.693;109.786;1.092395E-10
Y6;20.0052855;16.0698195;16.0698195;16.0698196093185;16.069819718637;16.0698198279555;;;;108.772;109.865;1.093185E-10
N20;20.057349;16.111641;16.111641;16.111641109603;16.111641219206;16.111641328809;;;;109.055;110.151;1.09603E-10
A20;20.082603;16.131927;16.131927;16.131927109741;16.131927219482;16.131927329223;;;;109.192;110.29;1.09741E-10
A18;20.086812;16.135308;16.135308;16.135308109764;16.135308219528;16.135308329292;;;;109.215;110.313;1.09764E-10
AA6;20.099622;16.145598;16.145598;16.145598109834;16.145598219668;16.145598329502;;;;109.285;110.383;1.09834E-10
T20;20.243277;16.260993;16.260993;16.260993110619;16.260993221238;16.260993331857;;;;110.066;111.172;1.10619E-10
N19;20.284269;16.293921;16.293921;16.293921110843;16.293921221686;16.293921332529;;;;110.289;111.397;1.10843E-10
T19;20.314281;16.318029;16.318029;16.318029111007;16.318029222014;16.318029333021;;;;110.452;111.562;1.11007E-10
P22;20.3956245;16.3833705;16.3833705;16.3833706114515;16.383370722903;16.3833708343545;;;;110.894;112.009;1.114515E-10
R21;20.4051405;16.3910145;16.3910145;16.3910146115035;16.391014723007;16.3910148345105;;;;110.946;112.061;1.115035E-10
N22;20.4051405;16.3910145;16.3910145;16.3910146115035;16.391014723007;16.3910148345105;;;;110.946;112.061;1.115035E-10
L12;20.489961;16.459149;16.459149;16.459149111967;16.459149223934;16.459149335901;;;;111.407;112.527;1.11967E-10
R22;20.563527;16.518243;16.518243;16.518243112369;16.518243224738;16.518243337107;;;;111.807;112.931;1.12369E-10
B2;20.6318775;16.5731475;16.5731475;16.5731476127425;16.573147725485;16.5731478382275;;;;112.179;113.306;1.127425E-10
E2;20.6990385;16.6270965;16.6270965;16.6270966131095;16.627096726219;16.6270968393285;;;;112.544;113.675;1.131095E-10
A19;20.705169;16.632021;16.632021;16.632021113143;16.632021226286;16.632021339429;;;;112.577;113.709;1.13143E-10
C2;20.723469;16.646721;16.646721;16.646721113243;16.646721226486;16.646721339729;;;;112.677;113.809;1.13243E-10
E22;20.750736;16.668624;16.668624;16.668624113392;16.668624226784;16.668624340176;;;;112.825;113.959;1.13392E-10
AB6;20.861085;16.757265;16.757265;16.757265113995;16.75726522799;16.757265341985;;;;113.425;114.565;1.13995E-10
D17;20.86932;16.76388;16.76388;16.76388011404;16.76388022808;16.76388034212;;;;113.47;114.61;1.1404E-10
C17;20.8798425;16.7723325;16.7723325;16.7723326140975;16.772332728195;16.7723328422925;;;;113.527;114.668;1.140975E-10
P21;20.9215665;16.8058485;16.8058485;16.8058486143255;16.805848728651;16.8058488429765;;;;113.754;114.897;1.143255E-10
N10;20.9881785;16.8593565;16.8593565;16.8593566146895;16.859356729379;16.8593568440685;;;;114.116;115.263;1.146895E-10
D2;20.9956815;16.8653835;16.8653835;16.8653836147305;16.865383729461;16.8653838441915;;;;114.157;115.304;1.147305E-10
U15;21.1085925;16.9560825;16.9560825;16.9560826153475;16.956082730695;16.9560828460425;;;;114.771;115.924;1.153475E-10
W6;21.191217;17.022453;17.022453;17.022453115799;17.022453231598;17.022453347397;;;;115.22;116.378;1.15799E-10
B13;21.296625;17.107125;17.107125;17.107125116375;17.10712523275;17.107125349125;;;;115.793;116.957;1.16375E-10
N18;21.3818115;17.1755535;17.1755535;17.1755536168405;17.175553733681;17.1755538505215;;;;116.256;117.425;1.168405E-10
V13;21.4035885;17.1930465;17.1930465;17.1930466169595;17.193046733919;17.1930468508785;;;;116.375;117.544;1.169595E-10
V14;21.406608;17.195472;17.195472;17.195472116976;17.195472233952;17.195472350928;;;;116.391;117.561;1.16976E-10
B20;21.45675;17.23575;17.23575;17.23575011725;17.2357502345;17.23575035175;;;;116.664;117.836;1.1725E-10
L9;21.47688;17.25192;17.25192;17.25192011736;17.25192023472;17.25192035208;;;;116.773;117.947;1.1736E-10
R1;21.521349;17.287641;17.287641;17.287641117603;17.287641235206;17.287641352809;;;;117.015;118.191;1.17603E-10
V3;21.530499;17.294991;17.294991;17.294991117653;17.294991235306;17.294991352959;;;;117.065;118.241;1.17653E-10
A15;21.7185315;17.4460335;17.4460335;17.4460336186805;17.446033737361;17.4460338560415;;;;118.087;119.274;1.186805E-10
B22;21.7307925;17.4558825;17.4558825;17.4558826187475;17.455882737495;17.4558828562425;;;;118.154;119.341;1.187475E-10
U18;21.741315;17.464335;17.464335;17.464335118805;17.46433523761;17.464335356415;;;;118.211;119.399;1.18805E-10
V15;21.785418;17.499762;17.499762;17.499762119046;17.499762238092;17.499762357138;;;;118.451;119.641;1.19046E-10
W5;21.804999;17.515491;17.515491;17.515491119153;17.515491238306;17.515491357459;;;;118.557;119.749;1.19153E-10
AB8;21.9772935;17.6538915;17.6538915;17.6538916200945;17.653891740189;17.6538918602835;;;;119.494;120.695;1.200945E-10
AA8;22.007397;17.678073;17.678073;17.678073120259;17.678073240518;17.678073360777;;;;119.658;120.86;1.20259E-10
B1;22.072179;17.730111;17.730111;17.730111120613;17.730111241226;17.730111361839;;;;120.01;121.216;1.20613E-10
A16;22.141536;17.785824;17.785824;17.785824120992;17.785824241984;17.785824362976;;;;120.387;121.597;1.20992E-10
C22;22.1520585;17.7942765;17.7942765;17.7942766210495;17.794276742099;17.7942768631485;;;;120.444;121.655;1.210495E-10
A1;22.188933;17.823897;17.823897;17.823897121251;17.823897242502;17.823897363753;;;;120.645;121.857;1.21251E-10
B21;22.189116;17.824044;17.824044;17.824044121252;17.824044242504;17.824044363756;;;;120.646;121.858;1.21252E-10
R2;22.3090725;17.9204025;17.9204025;17.9204026219075;17.920402743815;17.9204028657225;;;;121.298;122.517;1.219075E-10
A21;22.390965;17.986185;17.986185;17.986185122355;17.98618524471;17.986185367065;;;;121.743;122.967;1.22355E-10
U1;22.424088;18.012792;18.012792;18.012792122536;18.012792245072;18.012792367608;;;;121.923;123.149;1.22536E-10
U3;22.440375;18.025875;18.025875;18.025875122625;18.02587524525;18.025875367875;;;;122.012;123.238;1.22625E-10
R3;22.444767;18.029403;18.029403;18.029403122649;18.029403245298;18.029403367947;;;;122.036;123.262;1.22649E-10
T1;22.6115715;18.1633935;18.1633935;18.1633936235605;18.163393747121;18.1633938706815;;;;122.943;124.178;1.235605E-10
V2;22.7059995;18.2392455;18.2392455;18.2392456240765;18.239245748153;18.2392458722295;;;;123.456;124.697;1.240765E-10
AB7;22.808754;18.321786;18.321786;18.321786124638;18.321786249276;18.321786373914;;;;124.015;125.261;1.24638E-10
U17;22.8280605;18.3372945;18.3372945;18.3372946247435;18.337294749487;18.3372948742305;;;;124.12;125.367;1.247435E-10
V19;23.3959095;18.7934355;18.7934355;18.7934356278465;18.793435755693;18.7934358835395;;;;127.207;128.486;1.278465E-10
V4;23.7379365;19.0681785;19.0681785;19.0681786297155;19.068178759431;19.0681788891465;;;;129.067;130.364;1.297155E-10
V17;23.751936;19.079424;19.079424;19.079424129792;19.079424259584;19.079424389376;;;;129.143;130.441;1.29792E-10
G11;23.7703275;19.0941975;19.0941975;19.0941976298925;19.094197759785;19.0941978896775;;;;129.243;130.542;1.298925E-10
A13;23.973915;19.257735;19.257735;19.257735131005;19.25773526201;19.257735393015;;;;130.35;131.66;1.31005E-10
W17;23.9857185;19.2672165;19.2672165;19.2672166310695;19.267216762139;19.2672168932085;;;;130.414;131.725;1.310695E-10
Y16;24.3515355;19.5610695;19.5610695;19.5610696330685;19.561069766137;19.5610698992055;;;;132.403;133.734;1.330685E-10
W1;24.479178;19.663602;19.663602;19.663602133766;19.663602267532;19.663602401298;;;;133.097;134.435;1.33766E-10
AA16;24.487413;19.670217;19.670217;19.670217133811;19.670217267622;19.670217401433;;;;133.142;134.48;1.33811E-10
Y2;24.488511;19.671099;19.671099;19.671099133817;19.671099267634;19.671099401451;;;;133.148;134.486;1.33817E-10
U20;24.5828475;19.7468775;19.7468775;19.7468776343325;19.746877768665;19.7468779029975;;;;133.661;135.004;1.343325E-10
AB17;24.728973;19.864257;19.864257;19.864257135131;19.864257270262;19.864257405393;;;;134.455;135.807;1.35131E-10
W4;24.771063;19.898067;19.898067;19.898067135361;19.898067270722;19.898067406083;;;;134.684;136.038;1.35361E-10
Y13;24.7964085;19.9184265;19.9184265;19.9184266354995;19.918426770999;19.9184269064985;;;;134.822;136.177;1.354995E-10
U2;24.8026305;19.9234245;19.9234245;19.9234246355335;19.923424771067;19.9234249066005;;;;134.856;136.211;1.355335E-10
V18;24.8652165;19.9736985;19.9736985;19.9736986358755;19.973698771751;19.9736989076265;;;;135.196;136.555;1.358755E-10
AA4;24.901725;20.003025;20.003025;20.003025136075;20.00302527215;20.003025408225;;;;135.395;136.755;1.36075E-10
Y14;24.9093195;20.0091255;20.0091255;20.0091256361165;20.009125772233;20.0091259083495;;;;135.436;136.797;1.361165E-10
A14;24.925149;20.021841;20.021841;20.021841136203;20.021841272406;20.021841408609;;;;135.522;136.884;1.36203E-10
W14;24.9845325;20.0695425;20.0695425;20.0695426365275;20.069542773055;20.0695429095825;;;;135.845;137.21;1.365275E-10
U21;25.006218;20.086962;20.086962;20.086962136646;20.086962273292;20.086962409938;;;;135.963;137.329;1.36646E-10
V20;25.067889;20.136501;20.136501;20.136501136983;20.136501273966;20.136501410949;;;;136.298;137.668;1.36983E-10
V22;25.104123;20.165607;20.165607;20.165607137181;20.165607274362;20.165607411543;;;;136.495;137.867;1.37181E-10
U22;25.2365235;20.2719615;20.2719615;20.2719616379045;20.271961775809;20.2719619137135;;;;137.215;138.594;1.379045E-10
W2;25.326834;20.344506;20.344506;20.344506138398;20.344506276796;20.344506415194;;;;137.706;139.09;1.38398E-10
T21;25.334886;20.350974;20.350974;20.350974138442;20.350974276884;20.350974415326;;;;137.75;139.134;1.38442E-10
Y4;25.439562;20.435058;20.435058;20.435058139014;20.435058278028;20.435058417042;;;;138.319;139.709;1.39014E-10
AB15;25.496292;20.480628;20.480628;20.480628139324;20.480628278648;20.480628417972;;;;138.627;140.021;1.39324E-10
AA14;25.63098;20.58882;20.58882;20.58882014006;20.58882028012;20.58882042018;;;;139.36;140.76;1.4006E-10
AB18;25.6799325;20.6281425;20.6281425;20.6281426403275;20.628142780655;20.6281429209825;;;;139.626;141.029;1.403275E-10
Y18;25.686612;20.633508;20.633508;20.633508140364;20.633508280728;20.633508421092;;;;139.662;141.066;1.40364E-10
W22;25.7077485;20.6504865;20.6504865;20.6504866404795;20.650486780959;20.6504869214385;;;;139.777;141.182;1.404795E-10
AA18;25.8204765;20.7410385;20.7410385;20.7410386410955;20.741038782191;20.7410389232865;;;;140.39;141.801;1.410955E-10
N9;26.085369;20.953821;20.953821;20.953821142543;20.953821285086;20.953821427629;;;;141.83;143.256;1.42543E-10
AA3;26.097996;20.963964;20.963964;20.963964142612;20.963964285224;20.963964427836;;;;141.899;143.325;1.42612E-10
AA15;26.202306;21.047754;21.047754;21.047754143182;21.047754286364;21.047754429546;;;;142.466;143.898;1.43182E-10
Y11;26.2139265;21.0570885;21.0570885;21.0570886432455;21.057088786491;21.0570889297365;;;;142.529;143.962;1.432455E-10
Y3;26.228658;21.068922;21.068922;21.068922143326;21.068922286652;21.068922429978;;;;142.609;144.043;1.43326E-10
W11;26.270931;21.102879;21.102879;21.102879143557;21.102879287114;21.102879430671;;;;142.839;144.275;1.43557E-10
W12;26.280447;21.110523;21.110523;21.110523143609;21.110523287218;21.110523430827;;;;142.891;144.327;1.43609E-10
AB20;26.397018;21.204162;21.204162;21.204162144246;21.204162288492;21.204162432738;;;;143.525;144.967;1.44246E-10
AB16;26.4287685;21.2296665;21.2296665;21.2296666444195;21.229666788839;21.2296669332585;;;;143.697;145.142;1.444195E-10
Y19;26.4419445;21.2402505;21.2402505;21.2402506444915;21.240250788983;21.2402509334745;;;;143.769;145.214;1.444915E-10
AA10;26.5155105;21.2993445;21.2993445;21.2993446448935;21.299344789787;21.2993449346805;;;;144.169;145.618;1.448935E-10
Y12;26.5204515;21.3033135;21.3033135;21.3033136449205;21.303313789841;21.3033139347615;;;;144.196;145.645;1.449205E-10
Y1;26.5341765;21.3143385;21.3143385;21.3143386449955;21.314338789991;21.3143389349865;;;;144.271;145.72;1.449955E-10
W20;26.5629075;21.3374175;21.3374175;21.3374176451525;21.337417790305;21.3374179354575;;;;144.427;145.878;1.451525E-10
Y21;26.6635575;21.4182675;21.4182675;21.4182676457025;21.418267791405;21.4182679371075;;;;144.974;146.431;1.457025E-10
W21;26.7109545;21.4563405;21.4563405;21.4563406459615;21.456340791923;21.4563409378845;;;;145.232;146.691;1.459615E-10
AA19;26.8039185;21.5310165;21.5310165;21.5310166464695;21.531016792939;21.5310169394085;;;;145.737;147.202;1.464695E-10
W19;26.9570895;21.6540555;21.6540555;21.6540556473065;21.654055794613;21.6540559419195;;;;146.57;148.043;1.473065E-10
Y22;27.524481;22.109829;22.109829;22.109829150407;22.109829300814;22.109829451221;;;;149.655;151.159;1.50407E-10
AA11;28.040358;22.524222;22.524222;22.524222153226;22.524222306452;22.524222459678;;;;152.46;153.992;1.53226E-10
AA20;28.07952;22.55568;22.55568;22.55568015344;22.55568030688;22.55568046032;;;;152.673;154.207;1.5344E-10
V12;28.355667;22.777503;22.777503;22.777503154949;22.777503309898;22.777503464847;;;;154.174;155.724;1.54949E-10
AA5;28.6062855;22.9788195;22.9788195;22.9788196563185;22.978819812637;22.9788199689555;;;;155.537;157.1;1.563185E-10
AA21;28.810788;23.143092;23.143092;23.143092157436;23.143092314872;23.143092472308;;;;156.649;158.223;1.57436E-10
AB5;28.94145;23.24805;23.24805;23.24805015815;23.2480503163;23.24805047445;;;;157.359;158.941;1.5815E-10
AB12;29.32941;23.55969;23.55969;23.55969016027;23.55969032054;23.55969048081;;;;159.469;161.071;1.6027E-10
AB21;29.3737875;23.5953375;23.5953375;23.5953376605125;23.595337821025;23.5953379815375;;;;159.71;161.315;1.605125E-10
AB22;29.4500985;23.6566365;23.6566365;23.6566366609295;23.656636821859;23.6566369827885;;;;160.125;161.734;1.609295E-10
AA13;29.5507485;23.7374865;23.7374865;23.7374866614795;23.737486822959;23.7374869844385;;;;160.672;162.287;1.614795E-10
W10;29.7277095;23.8796355;23.8796355;23.8796356624465;23.879635824893;23.8796359873395;;;;161.634;163.259;1.624465E-10
AB11;29.7785835;23.9205015;23.9205015;23.9205016627245;23.920501825449;23.9205019881735;;;;161.911;163.538;1.627245E-10
AA9;30.164073;24.230157;24.230157;24.230157164831;24.230157329662;24.230157494493;;;;164.007;165.655;1.64831E-10
V10;30.1659945;24.2317005;24.2317005;24.2317006648415;24.231700829683;24.2317009945245;;;;164.017;165.666;1.648415E-10
AB2;30.243495;24.293955;24.293955;24.293955165265;24.29395533053;24.293955495795;;;;164.439;166.091;1.65265E-10
AB3;30.371229;24.396561;24.396561;24.396561165963;24.396561331926;24.396561497889;;;;165.133;166.793;1.65963E-10
AA1;30.4016985;24.4210365;24.4210365;24.4210366661295;24.421036832259;24.4210369983885;;;;165.299;166.96;1.661295E-10
AB1;30.7170075;24.6743175;24.6743175;24.6743176678525;24.674317835705;24.6743180035575;;;;167.013;168.692;1.678525E-10
AB13;30.9058635;24.8260215;24.8260215;24.8260216688845;24.826021837769;24.8260220066535;;;;168.04;169.729;1.688845E-10
AB10;31.4623665;25.2730485;25.2730485;25.2730486719255;25.273048843851;25.2730490157765;;;;171.066;172.785;1.719255E-10
